<manifest alg="2" build="2017.0.2.363" opt="true" iceEnabled="true" iceMarkupVersion="2" iceEnabledOptions="link,responsive,cachebuster,textStyling" exportTarget="other" domain="OMCP.com.au" resolutions="1x" timestamp="1496742506531">
  <folder name="css">
    <file name="site_global.css" crc="443350757"/>
    <file name="master_a-master.css" crc="179735495" ref="related-topic:index:register:forum"/>
    <file name="master_b-master.css" crc="3887192564" ref="health-profile-1:final:ask-doctor:symptom:personal-page:other-qustion:facetime:choose-doctor:rating"/>
    <file name="related-topic.css" crc="4038372260" ref="related-topic"/>
    <file name="health-profile-1.css" crc="120931401" ref="health-profile-1"/>
    <file name="index.css" crc="3978456038" ref="index"/>
    <file name="final.css" crc="467383191" ref="final"/>
    <file name="ask-doctor.css" crc="3848615391" ref="ask-doctor"/>
    <file name="symptom.css" crc="3800682840" ref="symptom"/>
    <file name="personal-page.css" crc="7518150" ref="personal-page"/>
    <file name="register.css" crc="3917726248" ref="register"/>
    <file name="other-qustion.css" crc="3985379585" ref="other-qustion"/>
    <file name="forum.css" crc="4271184574" ref="forum"/>
    <file name="facetime.css" crc="3819943285" ref="facetime"/>
    <file name="choose-doctor.css" crc="4029398549" ref="choose-doctor"/>
    <file name="rating.css" crc="274211227" ref="rating"/>
  </folder>
  <folder name="scripts">
    <file name="jquery-1.8.3.min.js" crc="209076791" ref="index:register:related-topic:personal-page:ask-doctor:symptom:other-qustion:final:health-profile-1:forum:choose-doctor:facetime:rating"/>
    <file name="museutils.js" crc="4232573551" ref="index:register:related-topic:personal-page:ask-doctor:symptom:other-qustion:final:health-profile-1:forum:choose-doctor:facetime:rating"/>
    <file name="whatinput.js" crc="86476730" ref="index:register:related-topic:personal-page:ask-doctor:symptom:other-qustion:final:health-profile-1:forum:choose-doctor:facetime:rating"/>
    <file name="museconfig.js" crc="4152223963" ref="index:register:related-topic:personal-page:ask-doctor:symptom:other-qustion:final:health-profile-1:forum:choose-doctor:facetime:rating"/>
    <file name="jquery.watch.js" crc="3844535323" ref="index:register:related-topic:personal-page:ask-doctor:symptom:other-qustion:final:health-profile-1:forum:choose-doctor:facetime:rating"/>
    <file name="jquery.musepolyfill.bgsize.js" crc="3880853905" ref="index:register:related-topic:personal-page:ask-doctor:symptom:other-qustion:health-profile-1:forum:final:facetime:rating"/>
    <file name="webpro.js" crc="3770351119" ref="index:register:related-topic:ask-doctor:symptom:other-qustion:health-profile-1:rating"/>
    <file name="form_check.php" crc="3841221102" ref="index:ask-doctor"/>
    <file name="form_throttle.php" crc="4048049783" ref="index:ask-doctor"/>
    <file name="form_process.php" crc="3899230280" ref="index:ask-doctor"/>
    <file name="form-u2013.php" crc="367438029" ref="index"/>
    <file name="musewpslideshow.js" crc="4244742588" ref="index"/>
    <file name="jquery.museoverlay.js" crc="432750910" ref="index"/>
    <file name="touchswipe.js" crc="3912873526" ref="index"/>
    <file name="require.js" crc="4234670167" ref="index:register:related-topic:personal-page:ask-doctor:symptom:other-qustion:final:health-profile-1:forum:choose-doctor:facetime:rating"/>
    <file name="form-u3303.php" crc="3866232202" ref="register"/>
    <file name="form-u3982.php" crc="102888073" ref="related-topic"/>
    <file name="form-u8356.php" crc="3794538263" ref="ask-doctor"/>
    <file name="form-u8754.php" crc="260762087" ref="symptom"/>
    <file name="form-u8814.php" crc="228622987" ref="symptom"/>
    <file name="form-u9195.php" crc="200160379" ref="other-qustion"/>
    <file name="form-u13198.php" crc="151013322" ref="other-qustion"/>
    <file name="form-u12785.php" crc="4221301254" ref="health-profile-1"/>
    <file name="form-u14823.php" crc="4086484578" ref="rating"/>
  </folder>
  <folder name="images">
    <file name="pasted-svg-13773x42.svg" crc="417091178" seo="true" ref="index:register:related-topic:personal-page:ask-doctor:symptom:other-qustion:final:health-profile-1:forum:choose-doctor:facetime:rating">
      <caption webpage="ask-doctor" alt=""/>
      <caption webpage="final" alt=""/>
      <caption webpage="index" alt=""/>
      <caption webpage="other-qustion" alt=""/>
      <caption webpage="forum" alt=""/>
      <caption webpage="health-profile-1" alt=""/>
      <caption webpage="symptom" alt=""/>
      <caption webpage="related-topic" alt=""/>
      <caption webpage="register" alt=""/>
      <caption webpage="rating" alt=""/>
      <caption webpage="choose-doctor" alt=""/>
      <caption webpage="personal-page" alt=""/>
      <caption webpage="facetime" alt=""/>
    </file>
    <file name="pasted svg 13773x42_poster_.png" crc="3856264838" ref="index:personal-page"/>
    <file name="http---blogscornelledu-ccesuffolkfhw-files-2014-05-istock_000026664373xxxlarge-1i4vaqm.jpg" crc="4136171855" ref="index">
      <caption webpage="index" alt=""/>
    </file>
    <file name="pasted-svg-48x48.svg" crc="54524030" seo="true" ref="index">
      <caption webpage="index" alt=""/>
    </file>
    <file name="pasted svg 48x48_poster_.png" crc="4158015150" ref="index"/>
    <file name="http---cdnrealcoolvideoscom-wp-content-uploads-2016-12-headaches-doctor.jpg" crc="466222583" ref="index">
      <caption webpage="index" alt=""/>
    </file>
    <file name="http---cdnrealcoolvideoscom-wp-content-uploads-2016-12-headaches-doctor-buttonu2173-r-fr.png" crc="478259029" ref="index"/>
    <file name="https---wwwfranchiseindiacom-uploads-content-fi-art-booming-online-consulting-bazaar-802cfae5a7-buttonu2223-fr.jpg" crc="462606555" ref="index"/>
    <file name="https---wwwfranchiseindiacom-uploads-content-fi-art-booming-online-consulting-bazaar-802cfae5a7-buttonu2223-r-fr.png" crc="3794305110" ref="index"/>
    <file name="https---pharma2internetcom-wp-content-uploads-2016-06-online_pharmacy_uk.jpg" crc="412847978" ref="index">
      <caption webpage="index" alt=""/>
    </file>
    <file name="https---pharma2internetcom-wp-content-uploads-2016-06-online_pharmacy_uk-buttonu2249-r-fr.png" crc="85195283" ref="index"/>
    <file name="http---wwwadweekcom-wp-content-uploads-sites-2-2016-08-timesavingteaser.jpg" crc="3851506389" ref="index">
      <caption webpage="index" alt=""/>
    </file>
    <file name="http---wwwadweekcom-wp-content-uploads-sites-2-2016-08-timesavingteaser-buttonu2311-r-fr.png" crc="300466909" ref="index"/>
    <file name="http---mediabizjus-view-img-2038371-doctor-handshake-600-750.jpg" crc="82194643" ref="index">
      <caption webpage="index" alt=""/>
    </file>
    <file name="http---mediabizjus-view-img-2038371-doctor-handshake-600-750-buttonu2302-r-fr.png" crc="3928287866" ref="index"/>
    <file name="http---wwwaimorg-wp-content-uploads-2013-10-20131024_doctorcomputerelectronicmedicalrecordswreck_large.jpg" crc="205432548" ref="index">
      <caption webpage="index" alt=""/>
    </file>
    <file name="http---wwwaimorg-wp-content-uploads-2013-10-20131024_doctorcomputerelectronicmedicalrecordswreck_large-buttonu2296-r-fr.png" crc="368070600" ref="index"/>
    <file name="http---wwwanh-usaorg-wp-content-uploads-2014-08-im-docs.jpg" crc="4062634098" ref="index">
      <caption webpage="index" alt=""/>
    </file>
    <file name="http---mumbabymagazinecom-wp-content-uploads-2015-08-115.jpg" crc="114299111" ref="index">
      <caption webpage="index" alt=""/>
    </file>
    <file name="pasted-svg-3936x29.svg" crc="4264152668" seo="true" ref="index">
      <caption webpage="index" alt=""/>
    </file>
    <file name="pasted svg 3936x29_poster_.png" crc="4136562334" ref="index"/>
    <file name="pasted-svg-3936x292.svg" crc="4264764662" seo="true" ref="index">
      <caption webpage="index" alt=""/>
    </file>
    <file name="pasted svg 3936x29_poster_2.png" crc="4167593025" ref="index"/>
    <file name="https---wwwsalemfivecom-images-personal-personal-home_withborder-u2943-fr.png" crc="3928864985" ref="index"/>
    <file name="https---wwwsalemfivecom-images-personal-personal-home_withborder.jpg" crc="149387131" ref="index">
      <caption webpage="index" alt=""/>
      <caption webpage="index" alt=""/>
    </file>
    <file name="http---wwwimage1cbsstaticcom-thumbnails-photos-w170-h215-cast-cast_manwithaplan_mattleblanc-u2941-fr.png" crc="4246449912" ref="index"/>
    <file name="http---wwwimage1cbsstaticcom-thumbnails-photos-w170-h215-cast-cast_manwithaplan_mattleblanc.jpg" crc="353920190" ref="index">
      <caption webpage="index" alt=""/>
      <caption webpage="index" alt=""/>
    </file>
    <file name="https---s-media-cache-ak0pinimgcom-736x-76-78-a1-7678a13e4234b8949b8737ef5d58e533-u2942-fr.png" crc="100418097" ref="index"/>
    <file name="https---s-media-cache-ak0pinimgcom-736x-76-78-a1-7678a13e4234b8949b8737ef5d58e533.jpg" crc="515504183" ref="index">
      <caption webpage="index" alt=""/>
      <caption webpage="index" alt=""/>
    </file>
    <file name="pasted-svg-13773x422.svg" crc="20732852" seo="true" ref="index:register:related-topic:forum">
      <caption webpage="index" alt=""/>
      <caption webpage="forum" alt=""/>
      <caption webpage="related-topic" alt=""/>
      <caption webpage="register" alt=""/>
    </file>
    <file name="pasted svg 13773x42_poster_2.png" crc="437186361" ref="index:forum"/>
    <file name="social-media-icons.png" crc="3776147753" seo="true" ref="index:register:related-topic:forum">
      <caption webpage="index" alt=""/>
      <caption webpage="forum" alt=""/>
      <caption webpage="related-topic" alt=""/>
      <caption webpage="register" alt=""/>
    </file>
    <file name="app_logo.png" crc="3803615000" seo="true" ref="index:register:related-topic:forum">
      <caption webpage="index" alt=""/>
      <caption webpage="forum" alt=""/>
      <caption webpage="related-topic" alt=""/>
      <caption webpage="register" alt=""/>
    </file>
    <file name="image1-02.jpg" crc="292513383" ref="index:forum">
      <caption webpage="index" alt=""/>
      <caption webpage="forum" alt=""/>
    </file>
    <file name="http---hdwallpapersrockscom-couple-love-happy-family-and-couple-wallpaper-jpg.jpg" crc="500142320" ref="register">
      <caption webpage="register" alt=""/>
    </file>
    <file name="radiobuttonunchecked.png" crc="3976871150" ref="register:health-profile-1:rating">
      <caption webpage="health-profile-1" alt=""/>
      <caption webpage="rating" alt=""/>
      <caption webpage="register" alt=""/>
    </file>
    <file name="radiobuttonuncheckedrollover.png" crc="4276313674" ref="register:health-profile-1:rating">
      <caption webpage="health-profile-1" alt=""/>
      <caption webpage="rating" alt=""/>
      <caption webpage="register" alt=""/>
    </file>
    <file name="radiobuttonuncheckedmousedown.png" crc="54863585" ref="register:health-profile-1:rating">
      <caption webpage="health-profile-1" alt=""/>
      <caption webpage="rating" alt=""/>
      <caption webpage="register" alt=""/>
    </file>
    <file name="radiobuttonchecked.png" crc="4193302265" ref="register:health-profile-1:rating">
      <caption webpage="health-profile-1" alt=""/>
      <caption webpage="rating" alt=""/>
      <caption webpage="register" alt=""/>
    </file>
    <file name="radiobuttoncheckedrollover.png" crc="88928956" ref="register:health-profile-1:rating">
      <caption webpage="health-profile-1" alt=""/>
      <caption webpage="rating" alt=""/>
      <caption webpage="register" alt=""/>
    </file>
    <file name="radiobuttoncheckedmousedown.png" crc="4280357799" ref="register:health-profile-1:rating">
      <caption webpage="health-profile-1" alt=""/>
      <caption webpage="rating" alt=""/>
      <caption webpage="register" alt=""/>
    </file>
    <file name="http---cdnrealcoolvideoscom-wp-content-uploads-2016-12-headaches-doctor2.jpg" crc="3779456365" ref="related-topic">
      <caption webpage="related-topic" alt=""/>
    </file>
    <file name="checkboxunchecked.jpg" crc="4041065271" ref="related-topic:symptom">
      <caption webpage="symptom" alt=""/>
      <caption webpage="related-topic" alt=""/>
    </file>
    <file name="checkboxuncheckedrollover.jpg" crc="421393327" ref="related-topic:symptom">
      <caption webpage="symptom" alt=""/>
      <caption webpage="related-topic" alt=""/>
    </file>
    <file name="checkboxuncheckedmousedown.jpg" crc="119826174" ref="related-topic:symptom">
      <caption webpage="symptom" alt=""/>
      <caption webpage="related-topic" alt=""/>
    </file>
    <file name="checkboxchecked.jpg" crc="8340162" ref="related-topic:symptom">
      <caption webpage="symptom" alt=""/>
      <caption webpage="related-topic" alt=""/>
    </file>
    <file name="checkboxcheckedrollover.jpg" crc="461578639" ref="related-topic:symptom">
      <caption webpage="symptom" alt=""/>
      <caption webpage="related-topic" alt=""/>
    </file>
    <file name="checkboxcheckedmousedown.jpg" crc="3782867047" ref="related-topic:symptom">
      <caption webpage="symptom" alt=""/>
      <caption webpage="related-topic" alt=""/>
    </file>
    <file name="https---experienceaiscom-~-media-experienceais-aquatic-and-fitness-personal-training-brad_darioljpg-h=345-w=299-la=en.jpg" crc="4054539775" ref="personal-page:final">
      <caption webpage="personal-page" alt=""/>
      <caption webpage="final" alt=""/>
    </file>
    <file name="http---wwwimage1cbsstaticcom-thumbnails-photos-w170-h215-cast-cast_manwithaplan_mattleblanc-u6935-fr.jpg" crc="4107537597" ref="personal-page"/>
    <file name="pasted-svg-86x82.svg" crc="4251036483" seo="true" ref="personal-page">
      <caption webpage="personal-page" alt=""/>
      <caption webpage="personal-page" alt=""/>
      <caption webpage="personal-page" alt=""/>
    </file>
    <file name="pasted svg 86x82_poster_.png" crc="4270411382" ref="personal-page"/>
    <file name="http---wwwhellomagazinecom-imagenes--healthandbeauty-health-and-fitness-2013080213905-water-retention-0-71-312-healthy-food--z.jpg" crc="4278012456" ref="personal-page">
      <caption webpage="personal-page" alt=""/>
    </file>
    <file name="human body.png" crc="346896270" ref="ask-doctor">
      <caption webpage="ask-doctor" alt=""/>
    </file>
    <file name="human body_1.png" crc="4270085691" ref="ask-doctor">
      <caption webpage="ask-doctor" alt=""/>
    </file>
    <file name="checkboxunchecked2.jpg" crc="495023700" ref="other-qustion">
      <caption webpage="symptom" alt=""/>
      <caption webpage="other-qustion" alt=""/>
    </file>
    <file name="checkboxuncheckedrollover2.jpg" crc="4076496830" ref="other-qustion">
      <caption webpage="symptom" alt=""/>
      <caption webpage="other-qustion" alt=""/>
    </file>
    <file name="checkboxuncheckedmousedown2.jpg" crc="361678653" ref="other-qustion">
      <caption webpage="symptom" alt=""/>
      <caption webpage="other-qustion" alt=""/>
    </file>
    <file name="checkboxchecked2.jpg" crc="477278992" ref="other-qustion">
      <caption webpage="symptom" alt=""/>
      <caption webpage="other-qustion" alt=""/>
    </file>
    <file name="checkboxcheckedrollover2.jpg" crc="435737969" ref="other-qustion">
      <caption webpage="symptom" alt=""/>
      <caption webpage="other-qustion" alt=""/>
    </file>
    <file name="checkboxcheckedmousedown2.jpg" crc="4004261994" ref="other-qustion">
      <caption webpage="symptom" alt=""/>
      <caption webpage="other-qustion" alt=""/>
    </file>
    <file name="https---ak6picdnnet-shutterstock-videos-6098180-thumb-1.jpg" crc="363079498" ref="forum">
      <caption webpage="forum" alt=""/>
    </file>
    <file name="pasted-svg-936x91.svg" crc="3955399038" seo="true" ref="forum">
      <caption webpage="forum" alt=""/>
      <caption webpage="forum" alt=""/>
      <caption webpage="forum" alt=""/>
      <caption webpage="forum" alt=""/>
      <caption webpage="forum" alt=""/>
    </file>
    <file name="pasted svg 936x91_poster_.png" crc="8931294" ref="forum"/>
    <file name="pasted-svg-97x97.svg" crc="159334447" seo="true" ref="forum:choose-doctor">
      <caption webpage="forum" alt=""/>
      <caption webpage="forum" alt=""/>
      <caption webpage="forum" alt=""/>
      <caption webpage="forum" alt=""/>
      <caption webpage="forum" alt=""/>
      <caption webpage="choose-doctor" alt=""/>
      <caption webpage="choose-doctor" alt=""/>
      <caption webpage="choose-doctor" alt=""/>
      <caption webpage="choose-doctor" alt=""/>
    </file>
    <file name="pasted svg 97x97_poster_.png" crc="4122059571" ref="forum:choose-doctor"/>
    <file name="noun_748518_cc.svg" crc="3761706344" seo="true" ref="choose-doctor">
      <caption webpage="choose-doctor" alt=""/>
      <caption webpage="choose-doctor" alt=""/>
      <caption webpage="choose-doctor" alt=""/>
      <caption webpage="choose-doctor" alt=""/>
    </file>
    <file name="noun_748518_cc_poster_.png" crc="4280071222" ref="choose-doctor"/>
    <file name="noun_887764_cc.svg" crc="81662951" seo="true" ref="choose-doctor">
      <caption webpage="choose-doctor" alt=""/>
      <caption webpage="choose-doctor" alt=""/>
    </file>
    <file name="noun_887764_cc_poster_.png" crc="164995683" ref="choose-doctor"/>
    <file name="noun_1050630_cc.svg" crc="262509416" seo="true" ref="choose-doctor">
      <caption webpage="choose-doctor" alt=""/>
      <caption webpage="choose-doctor" alt=""/>
    </file>
    <file name="noun_1050630_cc_poster_.png" crc="388559336" ref="choose-doctor"/>
    <file name="noun_850691_cc.svg" crc="94920449" seo="true" ref="choose-doctor">
      <caption webpage="choose-doctor" alt=""/>
      <caption webpage="choose-doctor" alt=""/>
    </file>
    <file name="noun_850691_cc_poster_.png" crc="3759500910" ref="choose-doctor"/>
    <file name="http---seattlewebdesigncompany-wp-content-uploads-2015-05-orlando-doctor-web-design.jpg" crc="287626647" ref="facetime">
      <caption webpage="facetime" alt=""/>
    </file>
    <file name="noun_850691_cc2.svg" crc="3855938878" seo="true" ref="facetime">
      <caption webpage="facetime" alt=""/>
    </file>
    <file name="noun_850691_cc_poster_2.png" crc="4151646446" ref="facetime"/>
    <file name="https---experienceaiscom-~-media-experienceais-aquatic-and-fitness-personal-training-brad_darioljpg-h=345-w=299-la=en2.jpg" crc="4205824427" ref="facetime">
      <caption webpage="facetime" alt=""/>
    </file>
  </folder>
  <file name="index.html" crc="4099552278" seo="true" mt="1496741349476" redirect="true"/>
  <file name="register.html" crc="62166261" seo="true" mt="1496616592112" redirect="true"/>
  <file name="related-topic.html" crc="37046758" seo="true" mt="1496616592112" redirect="true"/>
  <file name="personal-page.html" crc="390477980" seo="true" mt="1496623073010" redirect="true"/>
  <file name="ask-doctor.html" crc="3872669029" seo="true" mt="1496623073010" redirect="true"/>
  <file name="symptom.html" crc="321811178" seo="true" mt="1496623073010" redirect="true"/>
  <file name="other-qustion.html" crc="527389849" seo="true" mt="1496623073010" redirect="true"/>
  <file name="final.html" crc="400865830" seo="true" mt="1496740754483" redirect="true"/>
  <file name="health-profile-1.html" crc="467692227" seo="true" mt="1496623073010" redirect="true"/>
  <file name="forum.html" crc="101925588" seo="true" mt="1496623090617" redirect="true"/>
  <file name="choose-doctor.html" crc="3859077872" seo="true" mt="1496741595663" redirect="true"/>
  <file name="facetime.html" crc="4156689653" seo="true" mt="1496742419757" redirect="true"/>
  <file name="rating.html" crc="496435790" seo="true" mt="1496742373352" redirect="true"/>
</manifest>